{"_step":10540,"_wandb":{"runtime":214},"Reward":3,"_timestamp":1.750951920507423e+09,"_runtime":214.563862592}